<?xml version="1.0"?>
<font name="HirmosPonomar" upem="1000">

<glyph PSName=".notdef"/>
<glyph PSName="uni0020" UID="0020"/>
<glyph PSName="uni0021" UID="0021"/>
<glyph PSName="uni0022" UID="0022"/>
<glyph PSName="uni0027" UID="0027"/>
<glyph PSName="uni0028" UID="0028"/>
<glyph PSName="uni0029" UID="0029"/>
<glyph PSName="uniA673" UID="A673"/>
<glyph PSName="uni002B" UID="002B"/>
<glyph PSName="uni002C" UID="002C"/>
<glyph PSName="uni002D" UID="002D"/>
<glyph PSName="uni002E" UID="002E"/>
<glyph PSName="uni002F" UID="002F"/>
<glyph PSName="uni0030" UID="0030"/>
<glyph PSName="uni0031" UID="0031"/>
<glyph PSName="uni0032" UID="0032"/>
<glyph PSName="uni0033" UID="0033"/>
<glyph PSName="uni0034" UID="0034"/>
<glyph PSName="uni0035" UID="0035"/>
<glyph PSName="uni0036" UID="0036"/>
<glyph PSName="uni0037" UID="0037"/>
<glyph PSName="uni0038" UID="0038"/>
<glyph PSName="uni0039" UID="0039"/>
<glyph PSName="uni003A" UID="003A"/>
<glyph PSName="uni003C" UID="003C"/>
<glyph PSName="uni003D" UID="003D"/>
<glyph PSName="uni003E" UID="003E"/>
<glyph PSName="uni003F" UID="003F"/>
<glyph PSName="uni005B" UID="005B"/>
<glyph PSName="uni005C" UID="005C"/>
<glyph PSName="uni005D" UID="005D"/>
<glyph PSName="uni005F" UID="005F"/>
<glyph PSName="uni007B" UID="007B"/>
<glyph PSName="uni007C" UID="007C"/>
<glyph PSName="uni007D" UID="007D"/>
<glyph PSName="uni00A0" UID="00A0"/>
<glyph PSName="uni00AB" UID="00AB"/>
<glyph PSName="uni00AC" UID="00AC"/>
<glyph PSName="uni00AD" UID="00AD"/>
<glyph PSName="uni00B6" UID="00B6"/>
<glyph PSName="uni00B7" UID="00B7"/>
<glyph PSName="uni00BB" UID="00BB"/>
<glyph PSName="uniA67E" UID="A67E"/>
<glyph PSName="uni0300" UID="0300">
    <point type='_Diacritic'>
        <location x='-161' y='539'/>
    </point>
    <point type='_stacking'>
        <location x='-158' y='539'/>
    </point>
    <point type='stacking'>
        <location x='-280' y='788'/>
    </point>
</glyph>
<glyph PSName="uni0301" UID="0301">
    <point type='_Diacritic'>
        <location x='-224' y='539'/>
    </point>
    <point type='_stacking'>
        <location x='-223' y='539'/>
    </point>
    <point type='stacking'>
        <location x='-76' y='788'/>
    </point>
</glyph>
<glyph PSName="uniA66F" UID="A66F">
    <point type='_Diacritic'>
        <location x='-257' y='538'/>
    </point>
    <point type='_stacking'>
        <location x='-256' y='525'/>
    </point>
    <point type='stacking'>
        <location x='-252' y='718'/>
    </point>
</glyph>
<glyph PSName="uni0306" UID="0306">
    <point type='_Diacritic'>
        <location x='100' y='539'/>
    </point>
    <point type='_stacking'>
        <location x='99' y='539'/>
    </point>
    <point type='stacking'>
        <location x='119' y='780'/>
    </point>
</glyph>
<glyph PSName="uni0307" UID="0307">
    <point type='_Diacritic'>
        <location x='-69' y='539'/>
    </point>
    <point type='_stacking'>
        <location x='-65' y='539'/>
    </point>
    <point type='stacking'>
        <location x='-68' y='672'/>
    </point>
</glyph>
<glyph PSName="uni0308" UID="0308">
    <point type='_Diacritic'>
        <location x='-175' y='539'/>
    </point>
    <point type='_stacking'>
        <location x='-175' y='539'/>
    </point>
    <point type='stacking'>
        <location x='-183' y='685'/>
    </point>
</glyph>
<glyph PSName="uni0311" UID="0311">
    <point type='_Diacritic'>
        <location x='-231' y='539'/>
    </point>
    <point type='_stacking'>
        <location x='-232' y='539'/>
    </point>
    <point type='stacking'>
        <location x='-244' y='772'/>
    </point>
</glyph>
<glyph PSName="uni033E" UID="033E">
    <point type='_Yerok'>
        <location x='-175' y='537'/>
    </point>
    <point type='_stacking'>
        <location x='-176' y='539'/>
    </point>
    <point type='stacking'>
        <location x='-50' y='829'/>
    </point>
</glyph>
<glyph PSName="uni0400" UID="0400"/>
<glyph PSName="uni0401" UID="0401"/>
<glyph PSName="uni0402" UID="0402"/>
<glyph PSName="uni0403" UID="0403"/>
<glyph PSName="uni0404" UID="0404">
    <point type='Diacritic'>
        <location x='332' y='828'/>
    </point>
    <point type='Yerok'>
        <location x='494' y='827'/>
    </point>
</glyph>
<glyph PSName="uni0405" UID="0405">
    <point type='Diacritic'>
        <location x='308' y='828'/>
    </point>
    <point type='Yerok'>
        <location x='494' y='827'/>
    </point>
</glyph>
<glyph PSName="uni0406" UID="0406">
    <point type='Diacritic'>
        <location x='158' y='830'/>
    </point>
    <point type='Yerok'>
        <location x='225' y='829'/>
    </point>
</glyph>
<glyph PSName="uni0407" UID="0407">
    <point type='Diacritic'>
        <location x='113' y='985'/>
    </point>
    <point type='Yerok'>
        <location x='113' y='985'/>
    </point>
</glyph>
<glyph PSName="uni0408" UID="0408">
    <point type='Diacritic'>
        <location x='323' y='828'/>
    </point>
    <point type='Yerok'>
        <location x='391' y='827'/>
    </point>
</glyph>
<glyph PSName="uni0409" UID="0409"/>
<glyph PSName="uni040A" UID="040A"/>
<glyph PSName="uni040B" UID="040B"/>
<glyph PSName="uni040C" UID="040C"/>
<glyph PSName="uni040D" UID="040D"/>
<glyph PSName="uni040E" UID="040E"/>
<glyph PSName="uni040F" UID="040F"/>
<glyph PSName="uni0410" UID="0410">
    <point type='Diacritic'>
        <location x='426' y='830'/>
    </point>
    <point type='Yerok'>
        <location x='494' y='827'/>
    </point>
</glyph>
<glyph PSName="uni0411" UID="0411">
    <point type='Diacritic'>
        <location x='314' y='830'/>
    </point>
    <point type='Yerok'>
        <location x='475' y='827'/>
    </point>
</glyph>
<glyph PSName="uni0412" UID="0412">
    <point type='Diacritic'>
        <location x='336' y='830'/>
    </point>
    <point type='Yerok'>
        <location x='475' y='827'/>
    </point>
</glyph>
<glyph PSName="uni0413" UID="0413">
    <point type='Diacritic'>
        <location x='178' y='830'/>
    </point>
    <point type='Yerok'>
        <location x='411' y='829'/>
    </point>
</glyph>
<glyph PSName="uni0414" UID="0414">
    <point type='Diacritic'>
        <location x='484' y='829'/>
    </point>
    <point type='Yerok'>
        <location x='531' y='829'/>
    </point>
</glyph>
<glyph PSName="uni0415" UID="0415">
    <point type='Diacritic'>
        <location x='334' y='828'/>
    </point>
    <point type='Yerok'>
        <location x='519' y='827'/>
    </point>
</glyph>
<glyph PSName="uni0416" UID="0416">
    <point type='Diacritic'>
        <location x='486' y='828'/>
    </point>
    <point type='Yerok'>
        <location x='649' y='827'/>
    </point>
</glyph>
<glyph PSName="uni0417" UID="0417">
    <point type='Diacritic'>
        <location x='412' y='830'/>
    </point>
    <point type='Yerok'>
        <location x='582' y='828'/>
    </point>
</glyph>
<glyph PSName="uni0418" UID="0418">
    <point type='Diacritic'>
        <location x='336' y='830'/>
    </point>
    <point type='Yerok'>
        <location x='494' y='827'/>
    </point>
</glyph>
<glyph PSName="uni0419" UID="0419">
    <point type='Diacritic'>
        <location x='344' y='922'/>
    </point>
    <point type='Yerok'>
        <location x='549' y='828'/>
    </point>
</glyph>
<glyph PSName="uni041A" UID="041A">
    <point type='Diacritic'>
        <location x='341' y='830'/>
    </point>
    <point type='Yerok'>
        <location x='509' y='830'/>
    </point>
</glyph>
<glyph PSName="uni041B" UID="041B">
    <point type='Diacritic'>
        <location x='495' y='830'/>
    </point>
    <point type='Yerok'>
        <location x='578' y='829'/>
    </point>
</glyph>
<glyph PSName="uni041C" UID="041C">
    <point type='Diacritic'>
        <location x='582' y='830'/>
    </point>
    <point type='Yerok'>
        <location x='784' y='829'/>
    </point>
</glyph>
<glyph PSName="uni041D" UID="041D">
    <point type='Diacritic'>
        <location x='341' y='830'/>
    </point>
    <point type='Yerok'>
        <location x='494' y='827'/>
    </point>
</glyph>
<glyph PSName="uni041E" UID="041E">
    <point type='Diacritic'>
        <location x='341' y='830'/>
    </point>
    <point type='Yerok'>
        <location x='459' y='829'/>
    </point>
</glyph>
<glyph PSName="uni041F" UID="041F">
    <point type='Diacritic'>
        <location x='341' y='830'/>
    </point>
    <point type='Yerok'>
        <location x='494' y='827'/>
    </point>
</glyph>
<glyph PSName="uni0420" UID="0420">
    <point type='Diacritic'>
        <location x='354' y='830'/>
    </point>
    <point type='Yerok'>
        <location x='494' y='827'/>
    </point>
</glyph>
<glyph PSName="uni0421" UID="0421">
    <point type='Diacritic'>
        <location x='315' y='830'/>
    </point>
    <point type='Yerok'>
        <location x='494' y='827'/>
    </point>
</glyph>
<glyph PSName="uni0422" UID="0422">
    <point type='Diacritic'>
        <location x='357' y='830'/>
    </point>
    <point type='Yerok'>
        <location x='553' y='829'/>
    </point>
</glyph>
<glyph PSName="uniA64A" UID="A64A">
    <point type='Diacritic'>
        <location x='365' y='829'/>
    </point>
    <point type='Yerok'>
        <location x='577' y='827'/>
    </point>
</glyph>
<glyph PSName="uni0424" UID="0424">
    <point type='Diacritic'>
        <location x='419' y='830'/>
    </point>
    <point type='Yerok'>
        <location x='579' y='828'/>
    </point>
</glyph>
<glyph PSName="uni0425" UID="0425">
    <point type='Diacritic'>
        <location x='388' y='830'/>
    </point>
    <point type='Yerok'>
        <location x='494' y='827'/>
    </point>
</glyph>
<glyph PSName="uni0426" UID="0426">
    <point type='Diacritic'>
        <location x='326' y='829'/>
    </point>
    <point type='Yerok'>
        <location x='494' y='827'/>
    </point>
</glyph>
<glyph PSName="uni0427" UID="0427">
    <point type='Diacritic'>
        <location x='326' y='830'/>
    </point>
    <point type='Yerok'>
        <location x='494' y='827'/>
    </point>
</glyph>
<glyph PSName="uni0428" UID="0428">
    <point type='Diacritic'>
        <location x='484' y='829'/>
    </point>
    <point type='Yerok'>
        <location x='794' y='827'/>
    </point>
</glyph>
<glyph PSName="uni0429" UID="0429">
    <point type='Diacritic'>
        <location x='478' y='830'/>
    </point>
    <point type='Yerok'>
        <location x='796' y='827'/>
    </point>
</glyph>
<glyph PSName="uni042A" UID="042A">
    <point type='Diacritic'>
        <location x='366' y='830'/>
    </point>
    <point type='Yerok'>
        <location x='494' y='827'/>
    </point>
</glyph>
<glyph PSName="uni042B" UID="042B">
    <point type='Diacritic'>
        <location x='439' y='830'/>
    </point>
    <point type='Yerok'>
        <location x='692' y='827'/>
    </point>
</glyph>
<glyph PSName="uni042C" UID="042C">
    <point type='Diacritic'>
        <location x='322' y='830'/>
    </point>
    <point type='Yerok'>
        <location x='400' y='829'/>
    </point>
</glyph>
<glyph PSName="uni042D" UID="042D">
    <point type='Diacritic'>
        <location x='324' y='829'/>
    </point>
    <point type='Yerok'>
        <location x='325' y='827'/>
    </point>
</glyph>
<glyph PSName="uni042E" UID="042E">
    <point type='Diacritic'>
        <location x='477' y='830'/>
    </point>
    <point type='Yerok'>
        <location x='650' y='827'/>
    </point>
</glyph>
<glyph PSName="uni042F" UID="042F"/>
<glyph PSName="uni0430" UID="0430">
    <point type='Diacritic'>
        <location x='210' y='539'/>
    </point>
    <point type='Numeral'>
        <location x='190' y='201'/>
    </point>
    <point type='Yerok'>
        <location x='286' y='539'/>
    </point>
</glyph>
<glyph PSName="uni0431" UID="0431">
    <point type='Diacritic'>
        <location x='241' y='538'/>
    </point>
    <point type='Yerok'>
        <location x='339' y='539'/>
    </point>
</glyph>
<glyph PSName="uni0432" UID="0432">
    <point type='Diacritic'>
        <location x='236' y='538'/>
    </point>
    <point type='Numeral'>
        <location x='233' y='230'/>
    </point>
    <point type='Yerok'>
        <location x='309' y='539'/>
    </point>
</glyph>
<glyph PSName="uni0433" UID="0433">
    <point type='Diacritic'>
        <location x='225' y='538'/>
    </point>
    <point type='Numeral'>
        <location x='222' y='217'/>
    </point>
    <point type='Yerok'>
        <location x='327' y='539'/>
    </point>
</glyph>
<glyph PSName="uni0434" UID="0434">
    <point type='Diacritic'>
        <location x='227' y='537'/>
    </point>
    <point type='Numeral'>
        <location x='230' y='150'/>
    </point>
    <point type='Yerok'>
        <location x='341' y='538'/>
    </point>
</glyph>
<glyph PSName="uni0435" UID="0435">
    <point type='Diacritic'>
        <location x='160' y='539'/>
    </point>
    <point type='Numeral'>
        <location x='197' y='225'/>
    </point>
    <point type='Yerok'>
        <location x='286' y='539'/>
    </point>
</glyph>
<glyph PSName="uni0436" UID="0436">
    <point type='Diacritic'>
        <location x='369' y='538'/>
    </point>
    <point type='Yerok'>
        <location x='636' y='539'/>
    </point>
</glyph>
<glyph PSName="uni0437" UID="0437">
    <point type='Diacritic'>
        <location x='304' y='538'/>
    </point>
    <point type='Numeral'>
        <location x='308' y='110'/>
    </point>
    <point type='Yerok'>
        <location x='483' y='538'/>
    </point>
</glyph>
<glyph PSName="uni0438" UID="0438">
    <point type='Diacritic'>
        <location x='259' y='539'/>
    </point>
    <point type='Numeral'>
        <location x='245' y='210'/>
    </point>
    <point type='Yerok'>
        <location x='371' y='539'/>
    </point>
</glyph>
<glyph PSName="uni0439" UID="0439">
    <point type='Diacritic'>
        <location x='266' y='755'/>
    </point>
    <point type='Yerok'>
        <location x='264' y='757'/>
    </point>
</glyph>
<glyph PSName="uni043A" UID="043A">
    <point type='Diacritic'>
        <location x='255' y='538'/>
    </point>
    <point type='Numeral'>
        <location x='247' y='233'/>
    </point>
    <point type='Yerok'>
        <location x='405' y='539'/>
    </point>
</glyph>
<glyph PSName="uni043B" UID="043B">
    <point type='Diacritic'>
        <location x='283' y='537'/>
    </point>
    <point type='Numeral'>
        <location x='246' y='202'/>
    </point>
    <point type='Yerok'>
        <location x='312' y='538'/>
    </point>
</glyph>
<glyph PSName="uni043C" UID="043C">
    <point type='Diacritic'>
        <location x='399' y='538'/>
    </point>
    <point type='Numeral'>
        <location x='375' y='200'/>
    </point>
    <point type='Yerok'>
        <location x='549' y='539'/>
    </point>
</glyph>
<glyph PSName="uni043D" UID="043D">
    <point type='Diacritic'>
        <location x='268' y='538'/>
    </point>
    <point type='Numeral'>
        <location x='263' y='209'/>
    </point>
    <point type='Yerok'>
        <location x='382' y='539'/>
    </point>
</glyph>
<glyph PSName="uni043E" UID="043E">
    <point type='Diacritic'>
        <location x='259' y='539'/>
    </point>
    <point type='Numeral'>
        <location x='243' y='219'/>
    </point>
    <point type='Yerok'>
        <location x='392' y='539'/>
    </point>
</glyph>
<glyph PSName="uni043F" UID="043F">
    <point type='Diacritic'>
        <location x='261' y='537'/>
    </point>
    <point type='Numeral'>
        <location x='259' y='217'/>
    </point>
    <point type='Yerok'>
        <location x='387' y='538'/>
    </point>
</glyph>
<glyph PSName="uni0440" UID="0440">
    <point type='Diacritic'>
        <location x='181' y='538'/>
    </point>
    <point type='Numeral'>
        <location x='182' y='180'/>
    </point>
    <point type='Yerok'>
        <location x='271' y='538'/>
    </point>
</glyph>
<glyph PSName="uni0441" UID="0441">
    <point type='Diacritic'>
        <location x='153' y='537'/>
    </point>
    <point type='Numeral'>
        <location x='190' y='228'/>
    </point>
    <point type='Yerok'>
        <location x='220' y='538'/>
    </point>
</glyph>
<glyph PSName="uni0442" UID="0442">
    <point type='Diacritic'>
        <location x='342' y='537'/>
    </point>
    <point type='Numeral'>
        <location x='350' y='225'/>
    </point>
    <point type='Yerok'>
        <location x='552' y='538'/>
    </point>
</glyph>
<glyph PSName="uni0443" UID="0443">
    <point type='Diacritic'>
        <location x='259' y='539'/>
    </point>
    <point type='Numeral'>
        <location x='272' y='202'/>
    </point>
    <point type='Yerok'>
        <location x='446' y='538'/>
    </point>
</glyph>
<glyph PSName="uni0444" UID="0444">
    <point type='Diacritic'>
        <location x='352' y='625'/>
    </point>
    <point type='Numeral'>
        <location x='362' y='198'/>
    </point>
    <point type='Yerok'>
        <location x='577' y='538'/>
    </point>
</glyph>
<glyph PSName="uni0445" UID="0445">
    <point type='Diacritic'>
        <location x='226' y='537'/>
    </point>
    <point type='Numeral'>
        <location x='222' y='134'/>
    </point>
    <point type='Yerok'>
        <location x='360' y='538'/>
    </point>
</glyph>
<glyph PSName="uni0446" UID="0446">
    <point type='Diacritic'>
        <location x='270' y='538'/>
    </point>
    <point type='Numeral'>
        <location x='264' y='240'/>
    </point>
    <point type='Yerok'>
        <location x='390' y='538'/>
    </point>
</glyph>
<glyph PSName="uni0447" UID="0447">
    <point type='Diacritic'>
        <location x='221' y='537'/>
    </point>
    <point type='Numeral'>
        <location x='224' y='231'/>
    </point>
    <point type='Yerok'>
        <location x='349' y='538'/>
    </point>
</glyph>
<glyph PSName="uni0448" UID="0448">
    <point type='Diacritic'>
        <location x='437' y='538'/>
    </point>
    <point type='Yerok'>
        <location x='731' y='538'/>
    </point>
</glyph>
<glyph PSName="uni0449" UID="0449">
    <point type='Diacritic'>
        <location x='416' y='538'/>
    </point>
    <point type='Yerok'>
        <location x='681' y='538'/>
    </point>
</glyph>
<glyph PSName="uni044A" UID="044A">
    <point type='Diacritic'>
        <location x='242' y='538'/>
    </point>
    <point type='Yerok'>
        <location x='357' y='539'/>
    </point>
</glyph>
<glyph PSName="uni044B" UID="044B">
    <point type='Diacritic'>
        <location x='336' y='539'/>
    </point>
    <point type='Yerok'>
        <location x='542' y='538'/>
    </point>
</glyph>
<glyph PSName="uni044C" UID="044C">
    <point type='Diacritic'>
        <location x='155' y='537'/>
    </point>
    <point type='Yerok'>
        <location x='286' y='539'/>
    </point>
</glyph>
<glyph PSName="uni044D" UID="044D">
    <point type='Diacritic'>
        <location x='259' y='539'/>
    </point>
    <point type='Yerok'>
        <location x='260' y='538'/>
    </point>
</glyph>
<glyph PSName="uni044E" UID="044E">
    <point type='Diacritic'>
        <location x='330' y='539'/>
    </point>
    <point type='Yerok'>
        <location x='471' y='539'/>
    </point>
</glyph>
<glyph PSName="uni044F" UID="044F"/>
<glyph PSName="uni0450" UID="0450"/>
<glyph PSName="uni0451" UID="0451"/>
<glyph PSName="uni0452" UID="0452"/>
<glyph PSName="uni0453" UID="0453"/>
<glyph PSName="uni0454" UID="0454">
    <point type='Diacritic'>
        <location x='336' y='539'/>
    </point>
    <point type='Yerok'>
        <location x='442' y='538'/>
    </point>
</glyph>
<glyph PSName="uni0455" UID="0455">
    <point type='Diacritic'>
        <location x='220' y='538'/>
    </point>
    <point type='Numeral'>
        <location x='280' y='203'/>
    </point>
    <point type='Yerok'>
        <location x='452' y='539'/>
    </point>
</glyph>
<glyph PSName="uni0456" UID="0456">
    <point type='Diacritic'>
        <location x='126' y='539'/>
    </point>
    <point type='Numeral'>
        <location x='131' y='229'/>
    </point>
    <point type='Yerok'>
        <location x='176' y='539'/>
    </point>
</glyph>
<glyph PSName="uni0457" UID="0457">
    <point type='Diacritic'>
        <location x='117' y='675'/>
    </point>
    <point type='Yerok'>
        <location x='117' y='677'/>
    </point>
</glyph>
<glyph PSName="uni0458" UID="0458">
    <point type='Diacritic'>
        <location x='141' y='689'/>
    </point>
    <point type='Yerok'>
        <location x='139' y='689'/>
    </point>
</glyph>
<glyph PSName="uni0459" UID="0459">
    <point type='Diacritic'>
        <location x='278' y='538'/>
    </point>
    <point type='Yerok'>
        <location x='278' y='539'/>
    </point>
</glyph>
<glyph PSName="uni045A" UID="045A">
    <point type='Diacritic'>
        <location x='251' y='537'/>
    </point>
    <point type='Yerok'>
        <location x='252' y='537'/>
    </point>
</glyph>
<glyph PSName="uni045B" UID="045B"/>
<glyph PSName="uni045C" UID="045C"/>
<glyph PSName="uni045D" UID="045D"/>
<glyph PSName="uni045E" UID="045E"/>
<glyph PSName="uni045F" UID="045F"/>
<glyph PSName="uni0460" UID="0460">
    <point type='Diacritic'>
        <location x='507' y='829'/>
    </point>
    <point type='Yerok'>
        <location x='745' y='827'/>
    </point>
</glyph>
<glyph PSName="uni0461" UID="0461">
    <point type='Diacritic'>
        <location x='388' y='538'/>
    </point>
    <point type='Numeral'>
        <location x='382' y='236'/>
    </point>
    <point type='Yerok'>
        <location x='611' y='539'/>
    </point>
</glyph>
<glyph PSName="uni0462" UID="0462">
    <point type='Diacritic'>
        <location x='385' y='830'/>
    </point>
    <point type='Yerok'>
        <location x='644' y='827'/>
    </point>
</glyph>
<glyph PSName="uni0463" UID="0463">
    <point type='Diacritic'>
        <location x='360' y='830'/>
    </point>
    <point type='Yerok'>
        <location x='543' y='539'/>
    </point>
</glyph>
<glyph PSName="uni0464" UID="0464">
    <point type='Diacritic'>
        <location x='608' y='829'/>
    </point>
    <point type='Yerok'>
        <location x='760' y='827'/>
    </point>
</glyph>
<glyph PSName="uni0465" UID="0465">
    <point type='Diacritic'>
        <location x='409' y='539'/>
    </point>
    <point type='Yerok'>
        <location x='409' y='539'/>
    </point>
</glyph>
<glyph PSName="uni0466" UID="0466">
    <point type='Diacritic'>
        <location x='435' y='830'/>
    </point>
    <point type='Yerok'>
        <location x='658' y='827'/>
    </point>
</glyph>
<glyph PSName="uni0467" UID="0467">
    <point type='Diacritic'>
        <location x='270' y='539'/>
    </point>
    <point type='Yerok'>
        <location x='409' y='539'/>
    </point>
</glyph>
<glyph PSName="uni0468" UID="0468">
    <point type='Diacritic'>
        <location x='720' y='830'/>
    </point>
    <point type='Yerok'>
        <location x='924' y='827'/>
    </point>
</glyph>
<glyph PSName="uni0469" UID="0469">
    <point type='Diacritic'>
        <location x='441' y='539'/>
    </point>
    <point type='Yerok'>
        <location x='613' y='538'/>
    </point>
</glyph>
<glyph PSName="uni046A" UID="046A">
    <point type='Diacritic'>
        <location x='426' y='830'/>
    </point>
    <point type='Yerok'>
        <location x='621' y='828'/>
    </point>
</glyph>
<glyph PSName="uni046B" UID="046B">
    <point type='Diacritic'>
        <location x='339' y='539'/>
    </point>
    <point type='Yerok'>
        <location x='555' y='539'/>
    </point>
</glyph>
<glyph PSName="uni046C" UID="046C">
    <point type='Diacritic'>
        <location x='695' y='830'/>
    </point>
    <point type='Yerok'>
        <location x='1013' y='828'/>
    </point>
</glyph>
<glyph PSName="uni046D" UID="046D">
    <point type='Diacritic'>
        <location x='525' y='538'/>
    </point>
    <point type='Yerok'>
        <location x='734' y='538'/>
    </point>
</glyph>
<glyph PSName="uni046E" UID="046E">
    <point type='Diacritic'>
        <location x='328' y='829'/>
    </point>
    <point type='Yerok'>
        <location x='565' y='827'/>
    </point>
</glyph>
<glyph PSName="uni046F" UID="046F">
    <point type='Diacritic'>
        <location x='241' y='628'/>
    </point>
    <point type='Numeral'>
        <location x='244' y='216'/>
    </point>
    <point type='Yerok'>
        <location x='402' y='539'/>
    </point>
</glyph>
<glyph PSName="uni0470" UID="0470">
    <point type='Diacritic'>
        <location x='465' y='1125'/>
    </point>
    <point type='Yerok'>
        <location x='785' y='840'/>
    </point>
</glyph>
<glyph PSName="uni0471" UID="0471">
    <point type='Diacritic'>
        <location x='345' y='726'/>
    </point>
    <point type='Numeral'>
        <location x='356' y='274'/>
    </point>
    <point type='Yerok'>
        <location x='592' y='539'/>
    </point>
</glyph>
<glyph PSName="uni0472" UID="0472">
    <point type='Diacritic'>
        <location x='450' y='829'/>
    </point>
    <point type='Yerok'>
        <location x='682' y='827'/>
    </point>
</glyph>
<glyph PSName="uni0473" UID="0473">
    <point type='Diacritic'>
        <location x='369' y='538'/>
    </point>
    <point type='Numeral'>
        <location x='372' y='98'/>
    </point>
    <point type='Yerok'>
        <location x='559' y='538'/>
    </point>
</glyph>
<glyph PSName="uni0474" UID="0474">
    <point type='Diacritic'>
        <location x='341' y='829'/>
    </point>
    <point type='Yerok'>
        <location x='494' y='827'/>
    </point>
</glyph>
<glyph PSName="uni0475" UID="0475">
    <point type='Diacritic'>
        <location x='259' y='539'/>
    </point>
    <point type='Yerok'>
        <location x='437' y='539'/>
    </point>
</glyph>
<glyph PSName="uni0476" UID="0476">
    <point type='Diacritic'>
        <location x='271' y='1040'/>
    </point>
    <point type='Yerok'>
        <location x='494' y='827'/>
    </point>
</glyph>
<glyph PSName="uni0477" UID="0477">
    <point type='Diacritic'>
        <location x='260' y='716'/>
    </point>
    <point type='Yerok'>
        <location x='258' y='715'/>
    </point>
</glyph>
<glyph PSName="uni0478" UID="0478">
    <point type='Diacritic'>
        <location x='800' y='540'/>
    </point>
    <point type='Yerok'>
        <location x='1014' y='539'/>
    </point>
</glyph>
<glyph PSName="uni0479" UID="0479">
    <point type='Diacritic'>
        <location x='551' y='539'/>
    </point>
    <point type='Yerok'>
        <location x='729' y='539'/>
    </point>
</glyph>
<glyph PSName="uni047A" UID="047A">
    <point type='Diacritic'>
        <location x='420' y='872'/>
    </point>
    <point type='Yerok'>
        <location x='684' y='827'/>
    </point>
</glyph>
<glyph PSName="uni047B" UID="047B">
    <point type='Diacritic'>
        <location x='399' y='539'/>
    </point>
    <point type='Numeral'>
        <location x='390' y='224'/>
    </point>
    <point type='Yerok'>
        <location x='674' y='539'/>
    </point>
</glyph>
<glyph PSName="uni047C" UID="047C">
    <point type='Diacritic'>
        <location x='459' y='1104'/>
    </point>
    <point type='Yerok'>
        <location x='459' y='1104'/>
    </point>
</glyph>
<glyph PSName="uni047D" UID="047D">
    <point type='Diacritic'>
        <location x='423' y='800'/>
    </point>
    <point type='Yerok'>
        <location x='422' y='799'/>
    </point>
</glyph>
<glyph PSName="uni047E" UID="047E">
    <point type='Diacritic'>
        <location x='543' y='1042'/>
    </point>
    <point type='Yerok'>
        <location x='543' y='1041'/>
    </point>
</glyph>
<glyph PSName="uni047F" UID="047F">
    <point type='Diacritic'>
        <location x='394' y='756'/>
    </point>
    <point type='Numeral'>
        <location x='390' y='258'/>
    </point>
    <point type='Yerok'>
        <location x='394' y='755'/>
    </point>
</glyph>
<glyph PSName="uni0482" UID="0482"/>
<glyph PSName="uni0484" UID="0484">
    <point type='_Yerok'>
        <location x='-178' y='480'/>
    </point>
    <point type='_stacking'>
        <location x='-178' y='479'/>
    </point>
    <point type='stacking'>
        <location x='-77' y='781'/>
    </point>
</glyph>
<glyph PSName="uni0487" UID="0487">
    <point type='_Diacritic'>
        <location x='-210' y='650'/>
    </point>
    <point type='_stacking'>
        <location x='-208' y='750'/>
    </point>
    <point type='stacking'>
        <location x='-206' y='885'/>
    </point>
</glyph>
<glyph PSName="uni0488" UID="0488">
    <point type='_Numeral'>
        <location x='-198' y='190'/>
    </point>
</glyph>
<glyph PSName="uni0489" UID="0489">
    <point type='_Numeral'>
        <location x='-296' y='170'/>
    </point>
</glyph>
<glyph PSName="uni0490" UID="0490"/>
<glyph PSName="uni0491" UID="0491"/>
<glyph PSName="uni2013" UID="2013"/>
<glyph PSName="uni2014" UID="2014"/>
<glyph PSName="uni2018" UID="2018"/>
<glyph PSName="uni2019" UID="2019"/>
<glyph PSName="uni201A" UID="201A"/>
<glyph PSName="uni201C" UID="201C"/>
<glyph PSName="uni201D" UID="201D"/>
<glyph PSName="uni201E" UID="201E"/>
<glyph PSName="uni2020" UID="2020"/>
<glyph PSName="uni20DD" UID="20DD">
    <point type='_Numeral'>
        <location x='-220' y='186'/>
    </point>
</glyph>
<glyph PSName="uni25CC" UID="25CC">
    <point type='Diacritic'>
        <location x='263' y='539'/>
    </point>
    <point type='Numeral'>
        <location x='263' y='208'/>
    </point>
    <point type='Yerok'>
        <location x='396' y='538'/>
    </point>
</glyph>
<glyph PSName="uni2626" UID="2626"/>
<glyph PSName="uni271A" UID="271A"/>
<glyph PSName="uni2720" UID="2720"/>
<glyph PSName="uni2DE0" UID="2DE0">
    <point type='_Diacritic'>
        <location x='-162' y='514'/>
    </point>
    <point type='stacking'>
        <location x='-126' y='764'/>
    </point>
</glyph>
<glyph PSName="uni2DE1" UID="2DE1">
    <point type='_Diacritic'>
        <location x='-241' y='517'/>
    </point>
    <point type='stacking'>
        <location x='-238' y='764'/>
    </point>
</glyph>
<glyph PSName="uni2DE2" UID="2DE2">
    <point type='_Diacritic'>
        <location x='-270' y='524'/>
    </point>
    <point type='stacking'>
        <location x='-219' y='764'/>
    </point>
</glyph>
<glyph PSName="uni2DE3" UID="2DE3">
    <point type='_Diacritic'>
        <location x='-262' y='504'/>
    </point>
</glyph>
<glyph PSName="uni2DE4" UID="2DE4">
    <point type='_Diacritic'>
        <location x='-242' y='520'/>
    </point>
</glyph>
<glyph PSName="uni2DE5" UID="2DE5">
    <point type='_Diacritic'>
        <location x='-254' y='552'/>
    </point>
</glyph>
<glyph PSName="uni2DE6" UID="2DE6">
    <point type='_Diacritic'>
        <location x='-302' y='510'/>
    </point>
    <point type='stacking'>
        <location x='-303' y='767'/>
    </point>
</glyph>
<glyph PSName="uni2DE7" UID="2DE7">
    <point type='_Diacritic'>
        <location x='-256' y='505'/>
    </point>
    <point type='stacking'>
        <location x='-219' y='771'/>
    </point>
</glyph>
<glyph PSName="uni2DE8" UID="2DE8">
    <point type='_Diacritic'>
        <location x='-248' y='516'/>
    </point>
    <point type='stacking'>
        <location x='-209' y='782'/>
    </point>
</glyph>
<glyph PSName="uni2DE9" UID="2DE9">
    <point type='_Diacritic'>
        <location x='-256' y='541'/>
    </point>
    <point type='stacking'>
        <location x='-251' y='765'/>
    </point>
</glyph>
<glyph PSName="uni2DEA" UID="2DEA">
    <point type='_Diacritic'>
        <location x='-77' y='518'/>
    </point>
    <point type='stacking'>
        <location x='-55' y='750'/>
    </point>
</glyph>
<glyph PSName="uni2DEB" UID="2DEB">
    <point type='_Diacritic'>
        <location x='-244' y='516'/>
    </point>
    <point type='stacking'>
        <location x='-239' y='768'/>
    </point>
</glyph>
<glyph PSName="uni2DEC" UID="2DEC">
    <point type='_Diacritic'>
        <location x='-267' y='535'/>
    </point>
    <point type='stacking'>
        <location x='-225' y='725'/>
    </point>
</glyph>
<glyph PSName="uni2DED" UID="2DED">
    <point type='_Diacritic'>
        <location x='-163' y='520'/>
    </point>
    <point type='stacking'>
        <location x='-125' y='725'/>
    </point>
</glyph>
<glyph PSName="uni2DEE" UID="2DEE">
    <point type='_Diacritic'>
        <location x='-302' y='550'/>
    </point>
</glyph>
<glyph PSName="uni2DEF" UID="2DEF">
    <point type='_Diacritic'>
        <location x='-223' y='538'/>
    </point>
</glyph>
<glyph PSName="uni2DF0" UID="2DF0">
    <point type='_Diacritic'>
        <location x='-191' y='538'/>
    </point>
    <point type='stacking'>
        <location x='-183' y='786'/>
    </point>
</glyph>
<glyph PSName="uni2DF1" UID="2DF1">
    <point type='_Diacritic'>
        <location x='-211' y='519'/>
    </point>
    <point type='stacking'>
        <location x='-200' y='750'/>
    </point>
</glyph>
<glyph PSName="uni2DF2" UID="2DF2">
    <point type='_Diacritic'>
        <location x='-285' y='527'/>
    </point>
    <point type='stacking'>
        <location x='-280' y='764'/>
    </point>
</glyph>
<glyph PSName="uni2DF3" UID="2DF3">
    <point type='_Diacritic'>
        <location x='-279' y='492'/>
    </point>
    <point type='stacking'>
        <location x='-278' y='775'/>
    </point>
</glyph>
<glyph PSName="uni2DF4" UID="2DF4">
    <point type='_Diacritic'>
        <location x='-295' y='509'/>
    </point>
    <point type='stacking'>
        <location x='-275' y='800'/>
    </point>
</glyph>
<glyph PSName="uni2DF5" UID="2DF5">
    <point type='_Diacritic'>
        <location x='-263' y='508'/>
    </point>
</glyph>
<glyph PSName="uni2DF6" UID="2DF6">
    <point type='_Diacritic'>
        <location x='-282' y='536'/>
    </point>
    <point type='stacking'>
        <location x='-314' y='830'/>
    </point>
</glyph>
<glyph PSName="uni2DF7" UID="2DF7">
    <point type='_Diacritic'>
        <location x='-198' y='522'/>
    </point>
    <point type='stacking'>
        <location x='-181' y='831'/>
    </point>
</glyph>
<glyph PSName="uni2DF9" UID="2DF9">
    <point type='_Diacritic'>
        <location x='-122' y='519'/>
    </point>
    <point type='stacking'>
        <location x='-111' y='872'/>
    </point>
</glyph>
<glyph PSName="uni2DFA" UID="2DFA">
    <point type='_Diacritic'>
        <location x='-138' y='524'/>
    </point>
    <point type='stacking'>
        <location x='-122' y='859'/>
    </point>
</glyph>
<glyph PSName="uni2DFB" UID="2DFB">
    <point type='_Diacritic'>
        <location x='-162' y='519'/>
    </point>
    <point type='stacking'>
        <location x='-136' y='850'/>
    </point>
</glyph>
<glyph PSName="uni2DFC" UID="2DFC">
    <point type='_Diacritic'>
        <location x='-292' y='511'/>
    </point>
    <point type='stacking'>
        <location x='-288' y='768'/>
    </point>
</glyph>
<glyph PSName="uni2DFD" UID="2DFD">
    <point type='_Diacritic'>
        <location x='-307' y='519'/>
    </point>
    <point type='stacking'>
        <location x='-275' y='750'/>
    </point>
</glyph>
<glyph PSName="uni2E2F" UID="2E2F"/>
<glyph PSName="uniA640" UID="A640">
    <point type='Diacritic'>
        <location x='294' y='828'/>
    </point>
    <point type='Yerok'>
        <location x='494' y='827'/>
    </point>
</glyph>
<glyph PSName="uniA641" UID="A641">
    <point type='Diacritic'>
        <location x='241' y='538'/>
    </point>
    <point type='Yerok'>
        <location x='386' y='538'/>
    </point>
</glyph>
<glyph PSName="uniA64B" UID="A64B">
    <point type='Diacritic'>
        <location x='240' y='830'/>
    </point>
    <point type='Yerok'>
        <location x='240' y='828'/>
    </point>
</glyph>
<glyph PSName="uniA64C" UID="A64C">
    <point type='Diacritic'>
        <location x='471' y='829'/>
    </point>
    <point type='Yerok'>
        <location x='787' y='827'/>
    </point>
</glyph>
<glyph PSName="uniA64D" UID="A64D">
    <point type='Diacritic'>
        <location x='420' y='539'/>
    </point>
    <point type='Yerok'>
        <location x='644' y='538'/>
    </point>
</glyph>
<glyph PSName="uniA656" UID="A656">
    <point type='Diacritic'>
        <location x='449' y='828'/>
    </point>
    <point type='Yerok'>
        <location x='764' y='827'/>
    </point>
</glyph>
<glyph PSName="uniA657" UID="A657">
    <point type='Diacritic'>
        <location x='410' y='538'/>
    </point>
    <point type='Yerok'>
        <location x='473' y='539'/>
    </point>
</glyph>
<glyph PSName="uniA668" UID="A668">
    <point type='Diacritic'>
        <location x='420' y='875'/>
    </point>
    <point type='Yerok'>
        <location x='696' y='827'/>
    </point>
</glyph>
<glyph PSName="uniA669" UID="A669">
    <point type='Diacritic'>
        <location x='251' y='539'/>
    </point>
    <point type='Yerok'>
        <location x='382' y='538'/>
    </point>
</glyph>
<glyph PSName="uniA66A" UID="A66A">
    <point type='Diacritic'>
        <location x='420' y='882'/>
    </point>
    <point type='Yerok'>
        <location x='710' y='828'/>
    </point>
</glyph>
<glyph PSName="uniA66B" UID="A66B">
    <point type='Diacritic'>
        <location x='392' y='539'/>
    </point>
    <point type='Yerok'>
        <location x='674' y='538'/>
    </point>
</glyph>
<glyph PSName="uniA66C" UID="A66C">
    <point type='Diacritic'>
        <location x='596' y='829'/>
    </point>
    <point type='Yerok'>
        <location x='968' y='824'/>
    </point>
</glyph>
<glyph PSName="uniA66D" UID="A66D">
    <point type='Diacritic'>
        <location x='412' y='539'/>
    </point>
    <point type='Yerok'>
        <location x='712' y='537'/>
    </point>
</glyph>
<glyph PSName="uniA66E" UID="A66E">
    <point type='Diacritic'>
        <location x='503' y='865'/>
    </point>
    <point type='Yerok'>
        <location x='504' y='865'/>
    </point>
</glyph>
<glyph PSName="uniA670" UID="A670">
    <point type='_Numeral'>
        <location x='-202' y='221'/>
    </point>
</glyph>
<glyph PSName="uniA671" UID="A671">
    <point type='_Numeral'>
        <location x='-222' y='188'/>
    </point>
</glyph>
<glyph PSName="uniA672" UID="A672">
    <point type='_Numeral'>
        <location x='-200' y='170'/>
    </point>
</glyph>
<glyph PSName="uniA674" UID="A674">
    <point type='_Diacritic'>
        <location x='-271' y='538'/>
    </point>
    <point type='stacking'>
        <location x='-245' y='865'/>
    </point>
</glyph>
<glyph PSName="uniA675" UID="A675">
    <point type='_Diacritic'>
        <location x='-190' y='524'/>
    </point>
    <point type='stacking'>
        <location x='-263' y='838'/>
    </point>
</glyph>
<glyph PSName="uniA676" UID="A676">
    <point type='_Diacritic'>
        <location x='-175' y='526'/>
    </point>
    <point type='stacking'>
        <location x='-181' y='842'/>
    </point>
</glyph>
<glyph PSName="uniA677" UID="A677">
    <point type='_Diacritic'>
        <location x='-129' y='537'/>
    </point>
    <point type='stacking'>
        <location x='-100' y='864'/>
    </point>
</glyph>
<glyph PSName="uniA678" UID="A678">
    <point type='_Diacritic'>
        <location x='-128' y='523'/>
    </point>
    <point type='stacking'>
        <location x='-136' y='850'/>
    </point>
</glyph>
<glyph PSName="uniA679" UID="A679">
    <point type='_Diacritic'>
        <location x='-220' y='523'/>
    </point>
    <point type='stacking'>
        <location x='-226' y='900'/>
    </point>
</glyph>
<glyph PSName="uniA67A" UID="A67A">
    <point type='_Diacritic'>
        <location x='-90' y='523'/>
    </point>
    <point type='stacking'>
        <location x='-105' y='800'/>
    </point>
</glyph>
<glyph PSName="uniA67B" UID="A67B">
    <point type='_Diacritic'>
        <location x='-309' y='538'/>
    </point>
    <point type='stacking'>
        <location x='-309' y='825'/>
    </point>
</glyph>
<glyph PSName="uniA67C" UID="A67C">
    <point type='_Diacritic'>
        <location x='-162' y='534'/>
    </point>
    <point type='_stacking'>
        <location x='-162' y='535'/>
    </point>
    <point type='stacking'>
        <location x='-159' y='767'/>
    </point>
</glyph>
<glyph PSName="uniA67D" UID="A67D">
    <point type='_Yerok'>
        <location x='-143' y='599'/>
    </point>
    <point type='_stacking'>
        <location x='-146' y='598'/>
    </point>
    <point type='stacking'>
        <location x='-122' y='869'/>
    </point>
</glyph>
<glyph PSName="uniA698" UID="A698">
    <point type='Diacritic'>
        <location x='587' y='829'/>
    </point>
    <point type='Yerok'>
        <location x='955' y='827'/>
    </point>
</glyph>
<glyph PSName="uniA699" UID="A699">
    <point type='Diacritic'>
        <location x='393' y='539'/>
    </point>
    <point type='Yerok'>
        <location x='697' y='538'/>
    </point>
</glyph>
<glyph PSName="uniA69A" UID="A69A">
    <point type='Diacritic'>
        <location x='408' y='830'/>
    </point>
    <point type='Yerok'>
        <location x='679' y='827'/>
    </point>
</glyph>
<glyph PSName="uniA69B" UID="A69B">
    <point type='Diacritic'>
        <location x='394' y='539'/>
    </point>
    <point type='Yerok'>
        <location x='675' y='538'/>
    </point>
</glyph>
<glyph PSName="uniA69F" UID="A69F">
    <point type='_Diacritic'>
        <location x='-252' y='530'/>
    </point>
    <point type='stacking'>
        <location x='-253' y='855'/>
    </point>
</glyph>
<glyph PSName="u1F540" UID="1F540"/>
<glyph PSName="u1F541" UID="1F541"/>
<glyph PSName="u1F542" UID="1F542"/>
<glyph PSName="u1F543" UID="1F543"/>
<glyph PSName="u1F544" UID="1F544"/>
<glyph PSName="u1F545" UID="1F545"/>
<glyph PSName="u0000"/>
<glyph PSName="uni04860301">
    <point type='_Diacritic'>
        <location x='-215' y='539'/>
    </point>
    <point type='_stacking'>
        <location x='-215' y='540'/>
    </point>
    <point type='stacking'>
        <location x='-179' y='799'/>
    </point>
</glyph>
<glyph PSName="uni04860300">
    <point type='_Diacritic'>
        <location x='-266' y='539'/>
    </point>
    <point type='_stacking'>
        <location x='-266' y='540'/>
    </point>
    <point type='stacking'>
        <location x='-268' y='948'/>
    </point>
</glyph>
<glyph PSName="uniA64B0311"/>
<glyph PSName="uni04630300"/>
<glyph PSName="uni04630311"/>
<glyph PSName="uni04860301.cap">
    <point type='_Diacritic'>
        <location x='-336' y='799'/>
    </point>
    <point type='_stacking'>
        <location x='-337' y='799'/>
    </point>
    <point type='stacking'>
        <location x='-324' y='1090'/>
    </point>
</glyph>
<glyph PSName="uni0486.cap">
    <point type='_Diacritic'>
        <location x='-335' y='822'/>
    </point>
    <point type='_stacking'>
        <location x='-334' y='822'/>
    </point>
    <point type='stacking'>
        <location x='-325' y='1134'/>
    </point>
</glyph>
<glyph PSName="uni04860300.cap">
    <point type='_Diacritic'>
        <location x='-354' y='800'/>
    </point>
    <point type='_stacking'>
        <location x='-355' y='801'/>
    </point>
    <point type='stacking'>
        <location x='-354' y='1087'/>
    </point>
</glyph>
<glyph PSName="uni044B0311"/>
<glyph PSName="uni04630301"/>
<glyph PSName="uni2DE3200DA675">
    <point type='_Diacritic'>
        <location x='-247' y='538'/>
    </point>
</glyph>
<glyph PSName="uni2DE4200D2DF7">
    <point type='_Diacritic'>
        <location x='-281' y='525'/>
    </point>
</glyph>
<glyph PSName="uni0430200D0443">
    <point type='Diacritic'>
        <location x='351' y='538'/>
    </point>
    <point type='Yerok'>
        <location x='559' y='538'/>
    </point>
</glyph>
<glyph PSName="uni043B200D0443">
    <point type='Diacritic'>
        <location x='392' y='538'/>
    </point>
    <point type='Yerok'>
        <location x='588' y='539'/>
    </point>
</glyph>
<glyph PSName="uni0442200D0432">
    <point type='Diacritic'>
        <location x='241' y='827'/>
    </point>
    <point type='Yerok'>
        <location x='241' y='828'/>
    </point>
</glyph>
<glyph PSName="uni0442FE01">
    <point type='Diacritic'>
        <location x='344' y='537'/>
    </point>
    <point type='Yerok'>
        <location x='562' y='538'/>
    </point>
</glyph>
<glyph PSName="u1F545_uniFE00"/>
<glyph PSName="uni2011" UID="2011"/>
<glyph PSName="uni202F" UID="202F"/>
<glyph PSName="uni0434FE00">
    <point type='Diacritic'>
        <location x='241' y='538'/>
    </point>
    <point type='Yerok'>
        <location x='349' y='538'/>
    </point>
</glyph>
<glyph PSName="uniFE00" UID="FE00"/>
<glyph PSName="uniFE01" UID="FE01"/>
<glyph PSName="uni043EFE00">
    <point type='Diacritic'>
        <location x='139' y='539'/>
    </point>
    <point type='Yerok'>
        <location x='220' y='538'/>
    </point>
</glyph>
<glyph PSName="uni0441FE00">
    <point type='Diacritic'>
        <location x='354' y='538'/>
    </point>
    <point type='Yerok'>
        <location x='551' y='538'/>
    </point>
</glyph>
<glyph PSName="uni0442FE00">
    <point type='Diacritic'>
        <location x='227' y='827'/>
    </point>
    <point type='Yerok'>
        <location x='229' y='828'/>
    </point>
</glyph>
<glyph PSName="uni200D" UID="200D"/>
<glyph PSName="u1F545_uniFE01"/>
<glyph PSName="uni044AFE00">
    <point type='Diacritic'>
        <location x='346' y='925'/>
    </point>
    <point type='Yerok'>
        <location x='345' y='926'/>
    </point>
</glyph>
<glyph PSName="uni0463FE00">
    <point type='Diacritic'>
        <location x='240' y='1045'/>
    </point>
    <point type='Yerok'>
        <location x='240' y='1046'/>
    </point>
</glyph>
<glyph PSName="uniA64BFE00">
    <point type='Diacritic'>
        <location x='177' y='868'/>
    </point>
    <point type='Yerok'>
        <location x='178' y='869'/>
    </point>
</glyph>
<glyph PSName="uniFE02" UID="FE02"/>
<glyph PSName="uniFE03" UID="FE03"/>
<glyph PSName="u1F545_uniFE02"/>
<glyph PSName="u1F545_uniFE03"/>
<glyph PSName="uni0000"/>
<glyph PSName="uni0041" UID="0041"/>
<glyph PSName="uni0042" UID="0042"/>
<glyph PSName="uni0043" UID="0043"/>
<glyph PSName="uni0044" UID="0044"/>
<glyph PSName="uni0045" UID="0045"/>
<glyph PSName="uni0046" UID="0046"/>
<glyph PSName="uni0047" UID="0047"/>
<glyph PSName="uni0048" UID="0048"/>
<glyph PSName="uni0049" UID="0049"/>
<glyph PSName="uni004A" UID="004A"/>
<glyph PSName="uni004B" UID="004B"/>
<glyph PSName="uni004C" UID="004C"/>
<glyph PSName="uni004D" UID="004D"/>
<glyph PSName="uni004E" UID="004E"/>
<glyph PSName="uni004F" UID="004F"/>
<glyph PSName="uni0050" UID="0050"/>
<glyph PSName="uni0051" UID="0051"/>
<glyph PSName="uni0052" UID="0052"/>
<glyph PSName="uni0053" UID="0053"/>
<glyph PSName="uni0054" UID="0054"/>
<glyph PSName="uni0055" UID="0055"/>
<glyph PSName="uni0056" UID="0056"/>
<glyph PSName="uni0057" UID="0057"/>
<glyph PSName="uni0058" UID="0058"/>
<glyph PSName="uni0059" UID="0059"/>
<glyph PSName="uni005A" UID="005A"/>
<glyph PSName="uni0061" UID="0061"/>
<glyph PSName="uni0062" UID="0062"/>
<glyph PSName="uni0063" UID="0063"/>
<glyph PSName="uni0064" UID="0064"/>
<glyph PSName="uni0065" UID="0065"/>
<glyph PSName="uni0066" UID="0066"/>
<glyph PSName="uni0067" UID="0067"/>
<glyph PSName="uni0068" UID="0068"/>
<glyph PSName="uni0069" UID="0069"/>
<glyph PSName="uni006A" UID="006A"/>
<glyph PSName="uni006B" UID="006B"/>
<glyph PSName="uni006C" UID="006C"/>
<glyph PSName="uni006D" UID="006D"/>
<glyph PSName="uni006E" UID="006E"/>
<glyph PSName="uni006F" UID="006F"/>
<glyph PSName="uni0070" UID="0070"/>
<glyph PSName="uni0071" UID="0071"/>
<glyph PSName="uni0072" UID="0072"/>
<glyph PSName="uni0073" UID="0073"/>
<glyph PSName="uni0074" UID="0074"/>
<glyph PSName="uni0075" UID="0075"/>
<glyph PSName="uni0076" UID="0076"/>
<glyph PSName="uni0077" UID="0077"/>
<glyph PSName="uni0078" UID="0078"/>
<glyph PSName="uni0079" UID="0079"/>
<glyph PSName="uni007A" UID="007A"/>
<glyph PSName="uni0026" UID="0026"/>
<glyph PSName="uniA67F" UID="A67F"/>
<glyph PSName="uni04560307">
    <point type='Diacritic'>
        <location x='79' y='693'/>
    </point>
    <point type='Yerok'>
        <location x='80' y='694'/>
    </point>
    <note>NOTE FROM AA: THIS GLYPH DOES NOT APPEAR TO BE USED. I AM MARKING IT FOR DELETION</note>
</glyph>
<glyph PSName="uni002A" UID="002A"/>
<glyph PSName="uni0483" UID="0483">
    <point type='_Diacritic'>
        <location x='-245' y='539'/>
    </point>
    <point type='_stacking'>
        <location x='-245' y='539'/>
    </point>
    <point type='stacking'>
        <location x='-244' y='738'/>
    </point>
</glyph>
<glyph PSName="uni0423" UID="0423">
    <point type='Diacritic'>
        <location x='360' y='830'/>
    </point>
    <point type='Yerok'>
        <location x='494' y='827'/>
    </point>
</glyph>
<glyph PSName="uni200D.alt" UID="E000"/>
<glyph PSName="uni0432FE00">
    <point type='Diacritic'>
        <location x='298' y='827'/>
    </point>
    <point type='Yerok'>
        <location x='451' y='829'/>
    </point>
</glyph>
<glyph PSName="uni0060" UID="0060"/>
<glyph PSName="uni00B4" UID="00B4"/>
<glyph PSName="uni030F" UID="030F">
    <point type='_Diacritic'>
        <location x='136' y='539'/>
    </point>
    <point type='_stacking'>
        <location x='134' y='539'/>
    </point>
    <point type='stacking'>
        <location x='84' y='787'/>
    </point>
</glyph>
<glyph PSName="uniA64B.short">
    <point type='Diacritic'>
        <location x='232' y='827'/>
    </point>
    <point type='Yerok'>
        <location x='233' y='829'/>
    </point>
</glyph>
<glyph PSName="uni00FE" UID="00FE"/>
<glyph PSName="uni00DE" UID="00DE"/>
<glyph PSName="uni200C" UID="200C"/>
<glyph PSName="uni034F" UID="034F"/>
<glyph PSName="uni200C.alt" UID="E001"/>
<glyph PSName="uni017F" UID="017F"/>
<glyph PSName="uni04A4" UID="04A4">
    <point type='Diacritic'>
        <location x='331' y='830'/>
    </point>
    <point type='Yerok'>
        <location x='333' y='831'/>
    </point>
</glyph>
<glyph PSName="uni04A5" UID="04A5">
    <point type='Diacritic'>
        <location x='252' y='537'/>
    </point>
    <point type='Yerok'>
        <location x='253' y='538'/>
    </point>
</glyph>
<glyph PSName="uni10FB" UID="10FB"/>
<glyph PSName="uni2058" UID="2058"/>
<glyph PSName="uni1DC1" UID="1DC1">
    <point type='_Diacritic'>
        <location x='-259' y='538'/>
    </point>
    <point type='_stacking'>
        <location x='-261' y='536'/>
    </point>
    <point type='stacking'>
        <location x='-87' y='826'/>
    </point>
</glyph>
<glyph PSName="uni2E2C" UID="2E2C"/>
<glyph PSName="uni203B" UID="203B"/>
<glyph PSName="uni2053" UID="2053"/>
<glyph PSName="uni223B" UID="223B"/>
<glyph PSName="uni223C" UID="223C"/>
<glyph PSName="uni223D" UID="223D"/>
<glyph PSName="uni2241" UID="2241"/>
<glyph PSName="uni2056" UID="2056"/>
<glyph PSName="uni2059" UID="2059"/>
<glyph PSName="uni205C" UID="205C"/>
<glyph PSName="uni205D" UID="205D"/>
<glyph PSName="uni2213" UID="2213"/>
<glyph PSName="uni2E2A" UID="2E2A"/>
<glyph PSName="uni2E2B" UID="2E2B"/>
<glyph PSName="uni2E2D" UID="2E2D"/>
<glyph PSName="uni0486" UID="0486">
    <point type='_Diacritic'>
        <location x='-204' y='538'/>
    </point>
    <point type='_stacking'>
        <location x='-206' y='538'/>
    </point>
    <point type='stacking'>
        <location x='-224' y='787'/>
    </point>
</glyph>
<glyph PSName="uni2E34" UID="2E34"/>
<glyph PSName="uni1DC0" UID="1DC0">
    <point type='_Diacritic'>
        <location x='-159' y='516'/>
    </point>
    <point type='_stacking'>
        <location x='-161' y='517'/>
    </point>
    <point type='stacking'>
        <location x='-208' y='831'/>
    </point>
</glyph>
<glyph PSName="uniA65E" UID="A65E">
    <point type='Diacritic'>
        <location x='353' y='830'/>
    </point>
    <point type='Yerok'>
        <location x='494' y='827'/>
    </point>
</glyph>
<glyph PSName="uniA65F" UID="A65F">
    <point type='Diacritic'>
        <location x='280' y='538'/>
    </point>
    <point type='Yerok'>
        <location x='427' y='538'/>
    </point>
</glyph>
<glyph PSName="uniA662" UID="A662">
    <point type='Diacritic'>
        <location x='475' y='830'/>
    </point>
    <point type='Yerok'>
        <location x='474' y='830'/>
    </point>
</glyph>
<glyph PSName="uniA664" UID="A664">
    <point type='Diacritic'>
        <location x='487' y='830'/>
    </point>
    <point type='Yerok'>
        <location x='488' y='830'/>
    </point>
</glyph>
<glyph PSName="uniA666" UID="A666">
    <point type='Diacritic'>
        <location x='586' y='829'/>
    </point>
    <point type='Yerok'>
        <location x='586' y='828'/>
    </point>
</glyph>
<glyph PSName="uniA663" UID="A663">
    <point type='Diacritic'>
        <location x='248' y='538'/>
    </point>
    <point type='Yerok'>
        <location x='246' y='538'/>
    </point>
</glyph>
<glyph PSName="uniA665" UID="A665">
    <point type='Diacritic'>
        <location x='293' y='537'/>
    </point>
    <point type='Yerok'>
        <location x='293' y='538'/>
    </point>
</glyph>
<glyph PSName="uniA667" UID="A667">
    <point type='Diacritic'>
        <location x='412' y='538'/>
    </point>
    <point type='Yerok'>
        <location x='413' y='538'/>
    </point>
</glyph>
<glyph PSName="uni2022" UID="2022"/>
<glyph PSName="uni003B" UID="003B"/>
<glyph PSName="uni0485" UID="0485">
    <point type='_Diacritic'>
        <location x='-110' y='533'/>
    </point>
    <point type='_stacking'>
        <location x='-110' y='531'/>
    </point>
    <point type='stacking'>
        <location x='-154' y='854'/>
    </point>
</glyph>
<glyph PSName="uni2734" UID="2734"/>
<glyph PSName="uni02BC" UID="02BC"/>
<glyph PSName="uni0433FE00">
    <point type='Diacritic'>
        <location x='336' y='827'/>
    </point>
    <point type='Yerok'>
        <location x='451' y='829'/>
    </point>
</glyph>
<glyph PSName="uni030B" UID="030B">
    <point type='_Diacritic'>
        <location x='64' y='539'/>
    </point>
    <point type='_stacking'>
        <location x='132' y='520'/>
    </point>
    <point type='stacking'>
        <location x='181' y='775'/>
    </point>
</glyph>
<glyph PSName="uni2214" UID="2214"/>
<glyph PSName="uni205E" UID="205E"/>
<glyph PSName="uni2052" UID="2052"/>
<glyph PSName="uniA64B.short2">
    <point type='Diacritic'>
        <location x='253' y='685'/>
    </point>
    <point type='Yerok'>
        <location x='251' y='686'/>
    </point>
</glyph>
<glyph PSName="uni2DF50487">
    <point type='_Diacritic'>
        <location x='-265' y='507'/>
    </point>
</glyph>
<glyph PSName="uni04860311">
    <point type='_Diacritic'>
        <location x='-110' y='538'/>
    </point>
    <point type='_stacking'>
        <location x='-110' y='538'/>
    </point>
    <point type='stacking'>
        <location x='-102' y='875'/>
    </point>
</glyph>
<glyph PSName="uni0360" UID="0360">
    <point type='_Diacritic'>
        <location x='-338' y='581'/>
    </point>
    <point type='_stacking'>
        <location x='-336' y='582'/>
    </point>
    <point type='stacking'>
        <location x='1' y='827'/>
    </point>
</glyph>
<glyph PSName="uni000D" UID="000D"/>
<glyph PSName="uni0008" UID="0008"/>
<glyph PSName="uni001D" UID="001D"/>
<glyph PSName="uni0009" UID="0009"/>
<glyph PSName="uni0001" UID="0001"/>
<glyph PSName="uni0002" UID="0002"/>
<glyph PSName="uni0003" UID="0003"/>
<glyph PSName="uni0004" UID="0004"/>
<glyph PSName="uni0005" UID="0005"/>
<glyph PSName="uni0006" UID="0006"/>
<glyph PSName="uni0007" UID="0007"/>
<glyph PSName="uni000B" UID="000B"/>
<glyph PSName="uni000C" UID="000C"/>
<glyph PSName="uni000E" UID="000E"/>
<glyph PSName="uni000F" UID="000F"/>
<glyph PSName="uni0010" UID="0010"/>
<glyph PSName="uni0011" UID="0011"/>
<glyph PSName="uni0012" UID="0012"/>
<glyph PSName="uni0013" UID="0013"/>
<glyph PSName="uni0014" UID="0014"/>
<glyph PSName="uni0015" UID="0015"/>
<glyph PSName="uni0016" UID="0016"/>
<glyph PSName="uni0017" UID="0017"/>
<glyph PSName="uni0018" UID="0018"/>
<glyph PSName="uni0019" UID="0019"/>
<glyph PSName="uni001A" UID="001A"/>
<glyph PSName="uni001B" UID="001B"/>
<glyph PSName="uni001C" UID="001C"/>
<glyph PSName="uni001E" UID="001E"/>
<glyph PSName="uni001F" UID="001F"/>
<glyph PSName="uni000A" UID="000A"/>
<glyph PSName="uni0023" UID="0023"/>
<glyph PSName="uni0024" UID="0024"/>
<glyph PSName="uni0025" UID="0025"/>
<glyph PSName="uni0040" UID="0040"/>
<glyph PSName="uni20AC" UID="20AC"/>
<glyph PSName="uni00A4" UID="00A4"/>
<glyph PSName="uni00A7" UID="00A7"/>
<glyph PSName="uni00B0" UID="00B0"/>
<glyph PSName="uni2219" UID="2219"/>
<glyph PSName="uni200E" UID="200E"/>
<glyph PSName="uni200F" UID="200F"/>

</font>
